id,first_name,last_name,email,gender,ip_address
1,Daniel,Ortiz,dortiz0@shinystat.com,Male,138.164.222.232
2,Bruce,Murray,bmurray1@dailymotion.com,Male,244.222.53.49
3,Henry,Collins,hcollins2@youku.com,Male,117.189.184.0
4,Rose,Adams,radams3@bloomberg.com,Female,61.161.174.131
5,Margaret,Ross,mross4@nytimes.com,Female,175.240.65.54
6,Jessica,Montgomery,jmontgomery5@chicagotribune.com,Female,190.130.147.73
7,Michael,Sanchez,msanchez6@cloudflare.com,Male,104.218.73.4
8,Debra,Mccoy,dmccoy7@rambler.ru,Female,130.235.32.129
9,Daniel,Fisher,dfisher8@accuweather.com,Male,187.228.250.69
10,Ruby,Warren,rwarren9@army.mil,Female,63.87.244.238
11,Jose,Powell,jpowella@diigo.com,Male,186.223.185.33
12,Christina,Wagner,cwagnerb@amazonaws.com,Female,12.185.195.214
13,Janet,Reynolds,jreynoldsc@home.pl,Female,27.133.138.103
14,Lisa,Perez,lperezd@reverbnation.com,Female,86.26.108.127
15,George,Evans,gevanse@free.fr,Male,13.240.206.0
16,Theresa,Kennedy,tkennedyf@chronoengine.com,Female,128.111.223.24
17,Jean,Anderson,jandersong@kickstarter.com,Female,235.30.83.18
18,Virginia,Lane,vlaneh@java.com,Female,21.107.21.171
19,Paul,Young,pyoungi@springer.com,Male,186.110.104.242
20,Christina,Day,cdayj@ed.gov,Female,155.163.118.5
21,Harold,Russell,hrussellk@stanford.edu,Male,119.189.191.72
22,Kathleen,Vasquez,kvasquezl@artisteer.com,Female,4.68.251.4
23,Wayne,Bradley,wbradleym@marketwatch.com,Male,96.226.177.56
24,Roy,Knight,rknightn@sogou.com,Male,255.65.111.217
25,Louise,Black,lblacko@cbslocal.com,Female,1.13.68.14
26,Eric,Sims,esimsp@google.pl,Male,14.25.58.153
27,Norma,Reyes,nreyesq@pinterest.com,Female,39.117.212.43
28,David,Simpson,dsimpsonr@dell.com,Male,22.85.35.148
29,Clarence,Simpson,csimpsons@nymag.com,Male,172.70.129.120
30,Henry,Evans,hevanst@tumblr.com,Male,225.218.27.187
31,Julia,Snyder,jsnyderu@yellowbook.com,Female,213.112.7.81
32,Steve,Harris,sharrisv@ameblo.jp,Male,93.66.169.148
33,Debra,Evans,devansw@cafepress.com,Female,23.157.2.49
34,Willie,Olson,wolsonx@youtu.be,Male,174.179.115.117
35,Annie,Robinson,arobinsony@imgur.com,Female,140.11.109.247
36,Jane,Green,jgreenz@state.tx.us,Female,143.51.160.185
37,Lori,Chapman,lchapman10@homestead.com,Female,100.19.70.102
38,Kelly,Medina,kmedina11@canalblog.com,Female,22.138.34.193
39,Evelyn,George,egeorge12@ft.com,Female,175.178.25.107
40,Anne,Hicks,ahicks13@usatoday.com,Female,101.42.7.216
41,Julia,Woods,jwoods14@unicef.org,Female,213.30.158.96
42,Bonnie,Nelson,bnelson15@goodreads.com,Female,105.61.142.235
43,Rose,Russell,rrussell16@ft.com,Female,116.175.61.71
44,Judy,Mills,jmills17@springer.com,Female,166.160.65.153
45,Ralph,Hawkins,rhawkins18@aboutads.info,Male,188.89.82.25
46,Patrick,Tucker,ptucker19@sourceforge.net,Male,63.159.77.182
47,Martin,Harrison,mharrison1a@statcounter.com,Male,70.163.239.167
48,Earl,Franklin,efranklin1b@hostgator.com,Male,219.161.108.247
49,Carol,Lee,clee1c@bing.com,Female,42.196.227.222
50,Douglas,Baker,dbaker1d@alexa.com,Male,76.27.12.12
51,Ronald,Elliott,relliott1e@berkeley.edu,Male,210.158.119.164
52,Roger,Little,rlittle1f@youku.com,Male,67.185.138.132
53,Rose,Rodriguez,rrodriguez1g@weebly.com,Female,21.117.136.208
54,Michelle,Wagner,mwagner1h@si.edu,Female,35.174.22.15
55,Dennis,Parker,dparker1i@acquirethisname.com,Male,167.107.40.103
56,Cynthia,Torres,ctorres1j@vk.com,Female,111.240.61.250
57,Julia,Stone,jstone1k@aol.com,Female,89.142.21.174
58,Donna,Brown,dbrown1l@ox.ac.uk,Female,17.202.62.180
59,Lisa,Ferguson,lferguson1m@sciencedaily.com,Female,10.218.173.41
60,Michelle,Stanley,mstanley1n@si.edu,Female,202.238.58.89
61,Mark,Carpenter,mcarpenter1o@instagram.com,Male,160.100.81.33
62,Lori,Welch,lwelch1p@va.gov,Female,145.233.67.77
63,Wayne,Bell,wbell1q@qq.com,Male,7.82.182.123
64,Shirley,Tucker,stucker1r@wiley.com,Female,237.5.146.35
65,Jerry,Torres,jtorres1s@cloudflare.com,Male,36.156.168.101
66,Phyllis,Payne,ppayne1t@nps.gov,Female,129.140.57.50
67,Stephen,Lewis,slewis1u@wsj.com,Male,211.242.227.41
68,Christina,Hernandez,chernandez1v@earthlink.net,Female,31.52.14.12
69,Jessica,Martinez,jmartinez1w@live.com,Female,84.166.147.39
70,Maria,Payne,mpayne1x@skype.com,Female,233.32.17.65
71,Michael,Burke,mburke1y@ibm.com,Male,118.55.28.235
72,Ann,Washington,awashington1z@forbes.com,Female,63.244.247.157
73,Sara,Alexander,salexander20@msn.com,Female,145.213.6.144
74,Donna,Graham,dgraham21@howstuffworks.com,Female,72.65.61.199
75,Dorothy,Mason,dmason22@exblog.jp,Female,195.227.41.213
76,Jane,Nichols,jnichols23@github.io,Female,188.139.88.241
77,Laura,Bryant,lbryant24@ed.gov,Female,67.131.77.19
78,Kenneth,Stevens,kstevens25@europa.eu,Male,90.161.216.228
79,Walter,Holmes,wholmes26@japanpost.jp,Male,14.117.235.192
80,Jerry,Warren,jwarren27@squidoo.com,Male,48.176.80.43
81,Alan,Sanders,asanders28@economist.com,Male,92.64.120.0
82,Sandra,Berry,sberry29@freewebs.com,Female,104.132.189.77
83,Christine,Richardson,crichardson2a@whitehouse.gov,Female,140.56.78.99
84,Carlos,Hanson,chanson2b@economist.com,Male,135.83.230.129
85,Stephanie,Andrews,sandrews2c@marriott.com,Female,247.210.135.194
86,Laura,Knight,lknight2d@sun.com,Female,227.29.219.92
87,Jeffrey,Hunter,jhunter2e@theguardian.com,Male,225.145.238.77
88,Margaret,Williamson,mwilliamson2f@eventbrite.com,Female,16.225.62.211
89,Juan,Dunn,jdunn2g@fastcompany.com,Male,211.36.215.103
90,Robert,Kelley,rkelley2h@plala.or.jp,Male,54.185.176.255
91,Evelyn,Dean,edean2i@mozilla.com,Female,147.109.50.148
92,Benjamin,Hawkins,bhawkins2j@amazon.co.jp,Male,28.32.155.226
93,Kevin,Wells,kwells2k@google.com,Male,45.220.46.159
94,Raymond,Medina,rmedina2l@linkedin.com,Male,194.146.252.10
95,Irene,Sanchez,isanchez2m@weebly.com,Female,173.215.217.55
96,Kelly,Torres,ktorres2n@google.nl,Female,98.218.123.214
97,Kenneth,Wheeler,kwheeler2o@i2i.jp,Male,92.72.238.154
98,Frances,Parker,fparker2p@omniture.com,Female,38.122.125.48
99,Sharon,Nelson,snelson2q@virginia.edu,Female,31.113.186.246
100,Paul,Grant,pgrant2r@diigo.com,Male,183.120.217.156
101,Lois,Wheeler,lwheeler2s@dyndns.org,Female,128.153.236.22
102,Martha,Mccoy,mmccoy2t@techcrunch.com,Female,175.57.65.155
103,Harry,Jacobs,hjacobs2u@cbslocal.com,Male,71.177.99.42
104,Irene,Fernandez,ifernandez2v@tumblr.com,Female,176.215.161.83
105,Thomas,Gutierrez,tgutierrez2w@businessinsider.com,Male,70.108.157.44
106,Chris,Nguyen,cnguyen2x@nyu.edu,Male,6.237.85.84
107,Michelle,Wright,mwright2y@dailymail.co.uk,Female,88.23.87.244
108,Beverly,Bradley,bbradley2z@amazon.co.jp,Female,170.216.18.89
109,Matthew,Harrison,mharrison30@deliciousdays.com,Male,199.119.232.151
110,Carl,Myers,cmyers31@google.ca,Male,255.35.89.219
111,Dennis,Boyd,dboyd32@latimes.com,Male,186.30.186.43
112,Linda,Warren,lwarren33@newsvine.com,Female,244.62.183.1
113,Timothy,Franklin,tfranklin34@cnet.com,Male,133.91.116.170
114,Douglas,Peterson,dpeterson35@ihg.com,Male,224.213.136.155
115,Lori,Russell,lrussell36@abc.net.au,Female,94.246.24.130
116,Kelly,Murray,kmurray37@geocities.jp,Female,196.214.183.147
117,Brenda,Perkins,bperkins38@wikipedia.org,Female,155.34.188.219
118,Christine,Martinez,cmartinez39@photobucket.com,Female,152.70.149.126
119,Mark,Murphy,mmurphy3a@hao123.com,Male,247.165.205.235
120,Brian,Rogers,brogers3b@google.de,Male,45.147.243.207
121,Cheryl,Ford,cford3c@blog.com,Female,250.6.199.60
122,Roger,Perry,rperry3d@cmu.edu,Male,15.119.136.34
123,Martha,Welch,mwelch3e@google.com.hk,Female,179.104.249.226
124,Jonathan,Tucker,jtucker3f@buzzfeed.com,Male,218.240.4.99
125,Anthony,Cook,acook3g@shop-pro.jp,Male,216.168.210.74
126,Joyce,Fisher,jfisher3h@ca.gov,Female,203.216.128.44
127,Anthony,Berry,aberry3i@bravesites.com,Male,38.29.22.119
128,Sharon,Coleman,scoleman3j@php.net,Female,151.5.21.50
129,Ruby,Coleman,rcoleman3k@ycombinator.com,Female,175.236.210.237
130,Christopher,Olson,colson3l@feedburner.com,Male,160.194.248.146
131,Theresa,Gutierrez,tgutierrez3m@plala.or.jp,Female,219.21.95.135
132,Michelle,Montgomery,mmontgomery3n@amazon.co.uk,Female,77.2.10.234
133,Russell,Mcdonald,rmcdonald3o@elpais.com,Male,47.226.13.218
134,Virginia,Carroll,vcarroll3p@census.gov,Female,51.237.158.94
135,Ronald,Hanson,rhanson3q@scientificamerican.com,Male,113.218.203.72
136,Tina,Sims,tsims3r@fastcompany.com,Female,83.58.197.252
137,Scott,Griffin,sgriffin3s@bluehost.com,Male,84.29.210.185
138,Michelle,Simpson,msimpson3t@mozilla.com,Female,118.7.35.29
139,James,Rose,jrose3u@surveymonkey.com,Male,53.172.86.171
140,Charles,Cox,ccox3v@netscape.com,Male,126.148.185.72
141,Christopher,Lopez,clopez3w@xinhuanet.com,Male,85.174.240.114
142,Janet,Gilbert,jgilbert3x@discovery.com,Female,242.156.126.54
143,Judith,Fields,jfields3y@sphinn.com,Female,7.115.162.139
144,Kelly,Johnson,kjohnson3z@hc360.com,Female,103.23.52.65
145,Carlos,Turner,cturner40@wix.com,Male,113.246.86.215
146,Antonio,Jackson,ajackson41@ted.com,Male,115.135.251.61
147,Michelle,Lynch,mlynch42@scribd.com,Female,67.95.232.204
148,Arthur,Payne,apayne43@usa.gov,Male,62.210.220.172
149,Heather,Graham,hgraham44@bandcamp.com,Female,62.130.183.172
150,Benjamin,Perry,bperry45@tamu.edu,Male,138.21.227.190
151,Heather,Barnes,hbarnes46@mashable.com,Female,102.234.207.26
152,Ernest,Mccoy,emccoy47@ca.gov,Male,1.117.172.190
153,Ashley,Holmes,aholmes48@myspace.com,Female,60.20.236.60
154,Louise,Wallace,lwallace49@parallels.com,Female,200.25.111.167
155,Anthony,Duncan,aduncan4a@about.me,Male,20.197.152.53
156,Denise,Sanders,dsanders4b@eventbrite.com,Female,92.75.58.72
157,William,Gomez,wgomez4c@hud.gov,Male,19.50.43.54
158,Kathryn,Dean,kdean4d@guardian.co.uk,Female,239.64.166.242
159,Phillip,Howell,phowell4e@blogspot.com,Male,121.177.236.220
160,Phyllis,Rice,price4f@blogger.com,Female,251.38.105.5
161,Christine,Palmer,cpalmer4g@dmoz.org,Female,100.55.118.13
162,Cynthia,Sullivan,csullivan4h@skyrock.com,Female,250.154.211.138
163,Angela,Welch,awelch4i@twitpic.com,Female,246.62.235.20
164,Randy,Wallace,rwallace4j@psu.edu,Male,173.56.35.216
165,Keith,Austin,kaustin4k@joomla.org,Male,122.28.235.2
166,Pamela,Adams,padams4l@chron.com,Female,145.70.255.98
167,Stephen,Phillips,sphillips4m@eventbrite.com,Male,234.190.25.178
168,Juan,Mitchell,jmitchell4n@tumblr.com,Male,244.101.59.222
169,Terry,Carpenter,tcarpenter4o@liveinternet.ru,Male,224.97.13.68
170,Justin,Harrison,jharrison4p@gmpg.org,Male,41.121.35.220
171,Carol,Alvarez,calvarez4q@instagram.com,Female,243.39.44.195
172,Margaret,Porter,mporter4r@elpais.com,Female,187.79.194.43
173,Doris,Anderson,danderson4s@arstechnica.com,Female,141.185.206.230
174,Brandon,Olson,bolson4t@adobe.com,Male,107.179.174.195
175,Katherine,Turner,kturner4u@opensource.org,Female,25.250.113.156
176,Jose,Morris,jmorris4v@ameblo.jp,Male,156.122.250.30
177,Philip,James,pjames4w@craigslist.org,Male,25.219.124.161
178,Debra,Hudson,dhudson4x@chron.com,Female,68.218.82.69
179,Albert,Grant,agrant4y@yolasite.com,Male,83.149.76.227
180,Mildred,Peters,mpeters4z@last.fm,Female,207.92.179.205
181,Michael,Harper,mharper50@people.com.cn,Male,241.250.103.192
182,Jose,Howard,jhoward51@cdc.gov,Male,176.253.239.116
183,Phyllis,Cooper,pcooper52@bloomberg.com,Female,108.68.172.159
184,Louis,Gomez,lgomez53@nifty.com,Male,112.117.230.204
185,Ann,Roberts,aroberts54@virginia.edu,Female,153.251.136.8
186,Mildred,Bowman,mbowman55@friendfeed.com,Female,65.125.187.93
187,Elizabeth,Harris,eharris56@huffingtonpost.com,Female,250.92.63.167
188,Irene,Greene,igreene57@networksolutions.com,Female,116.222.11.130
189,Raymond,Garcia,rgarcia58@a8.net,Male,95.230.36.208
190,Heather,Butler,hbutler59@issuu.com,Female,119.155.245.236
191,Joe,Taylor,jtaylor5a@walmart.com,Male,61.209.51.220
192,Joan,Rice,jrice5b@bravesites.com,Female,115.92.81.174
193,Martin,James,mjames5c@devhub.com,Male,20.227.179.111
194,Andrew,Bell,abell5d@51.la,Male,252.138.151.236
195,Lisa,Wilson,lwilson5e@ask.com,Female,53.49.192.240
196,Ruth,Kim,rkim5f@dion.ne.jp,Female,97.249.100.236
197,Jimmy,Weaver,jweaver5g@earthlink.net,Male,0.209.214.53
198,Jean,Price,jprice5h@youku.com,Female,153.108.155.239
199,Benjamin,Ferguson,bferguson5i@indiegogo.com,Male,120.47.240.234
200,Cheryl,Carpenter,ccarpenter5j@hatena.ne.jp,Female,199.58.195.124
201,Willie,Tucker,wtucker5k@list-manage.com,Male,255.58.9.68
202,Theresa,Wells,twells5l@wikipedia.org,Female,196.148.30.21
203,Carl,Owens,cowens5m@xinhuanet.com,Male,17.30.93.26
204,Christopher,Wells,cwells5n@is.gd,Male,166.23.136.38
205,Justin,Boyd,jboyd5o@latimes.com,Male,65.144.117.63
206,Raymond,Medina,rmedina5p@virginia.edu,Male,19.59.130.163
207,Dennis,Chavez,dchavez5q@printfriendly.com,Male,113.68.25.99
208,Carlos,Murray,cmurray5r@cloudflare.com,Male,126.148.97.165
209,Laura,Banks,lbanks5s@businessinsider.com,Female,71.171.111.207
210,Deborah,Roberts,droberts5t@usa.gov,Female,200.72.188.234
211,Amy,Martin,amartin5u@artisteer.com,Female,140.17.38.255
212,Anthony,Gordon,agordon5v@fastcompany.com,Male,255.55.20.99
213,Jerry,Henderson,jhenderson5w@fastcompany.com,Male,168.181.117.177
214,Carl,Richards,crichards5x@businessweek.com,Male,51.225.151.75
215,Donald,Ray,dray5y@pagesperso-orange.fr,Male,242.43.182.252
216,Jean,Kelly,jkelly5z@whitehouse.gov,Female,90.100.254.213
217,Michael,Lopez,mlopez60@freewebs.com,Male,23.116.212.120
218,Mark,Young,myoung61@yahoo.com,Male,157.107.155.191
219,Ryan,Chapman,rchapman62@flavors.me,Male,236.89.137.53
220,Willie,Peters,wpeters63@t.co,Male,70.115.223.240
221,Nicole,Bell,nbell64@ft.com,Female,203.63.225.117
222,Justin,Mitchell,jmitchell65@disqus.com,Male,74.235.110.24
223,Matthew,Edwards,medwards66@wordpress.com,Male,217.176.17.147
224,Jerry,Stewart,jstewart67@amazon.com,Male,170.175.51.117
225,Jennifer,Wright,jwright68@dailymotion.com,Female,173.7.151.175
226,Ruby,Watson,rwatson69@sourceforge.net,Female,244.96.147.82
227,Fred,Foster,ffoster6a@cpanel.net,Male,198.27.174.250
228,Joan,Perry,jperry6b@shutterfly.com,Female,230.167.87.235
229,Sandra,Watkins,swatkins6c@apache.org,Female,161.226.227.199
230,Jeffrey,Washington,jwashington6d@ebay.com,Male,233.231.90.103
231,Keith,Day,kday6e@friendfeed.com,Male,77.240.139.114
232,Teresa,Schmidt,tschmidt6f@yale.edu,Female,58.81.187.21
233,Ruth,Gilbert,rgilbert6g@usda.gov,Female,63.183.50.71
234,Anne,Reed,areed6h@nps.gov,Female,111.37.9.85
235,Michael,Carr,mcarr6i@nature.com,Male,24.84.76.58
236,Peter,Peters,ppeters6j@pcworld.com,Male,68.246.211.130
237,Carol,Barnes,cbarnes6k@cloudflare.com,Female,144.110.108.220
238,Joshua,Roberts,jroberts6l@php.net,Male,12.167.172.56
239,Chris,Mills,cmills6m@sourceforge.net,Male,174.230.126.8
240,Roy,Bowman,rbowman6n@sina.com.cn,Male,69.100.118.131
241,Kathy,Chapman,kchapman6o@cmu.edu,Female,78.24.194.201
242,Benjamin,Fox,bfox6p@hubpages.com,Male,202.91.107.210
243,Joan,Ferguson,jferguson6q@icq.com,Female,55.243.182.22
244,Irene,Mcdonald,imcdonald6r@earthlink.net,Female,231.224.26.139
245,George,Grant,ggrant6s@toplist.cz,Male,146.53.166.206
246,David,Henry,dhenry6t@home.pl,Male,42.188.116.29
247,Thomas,Perkins,tperkins6u@uol.com.br,Male,50.41.24.160
248,Karen,Owens,kowens6v@amazon.de,Female,216.75.0.96
249,Antonio,Patterson,apatterson6w@google.es,Male,112.241.140.155
250,Samuel,Collins,scollins6x@github.io,Male,9.225.135.183
251,Eric,Stanley,estanley6y@a8.net,Male,4.158.251.110
252,Richard,Parker,rparker6z@google.nl,Male,168.88.182.192
253,Joseph,Gray,jgray70@exblog.jp,Male,133.230.192.209
254,Phyllis,Perez,pperez71@facebook.com,Female,120.32.24.249
255,Juan,Medina,jmedina72@vinaora.com,Male,44.154.71.205
256,John,Garrett,jgarrett73@mashable.com,Male,135.193.243.35
257,Ralph,Woods,rwoods74@cornell.edu,Male,2.1.214.87
258,Linda,Davis,ldavis75@deviantart.com,Female,82.35.19.82
259,Jacqueline,Lee,jlee76@github.io,Female,248.218.172.113
260,Chris,Richards,crichards77@elegantthemes.com,Male,42.78.166.205
261,Christopher,Williams,cwilliams78@4shared.com,Male,54.14.9.160
262,Russell,Butler,rbutler79@cornell.edu,Male,251.200.236.124
263,Teresa,Schmidt,tschmidt7a@msn.com,Female,19.97.102.102
264,Justin,Peters,jpeters7b@goo.gl,Male,138.52.7.43
265,Albert,Wheeler,awheeler7c@answers.com,Male,202.3.78.39
266,Billy,Johnson,bjohnson7d@trellian.com,Male,122.201.223.36
267,Scott,Stanley,sstanley7e@goo.gl,Male,125.232.25.40
268,Linda,Arnold,larnold7f@theatlantic.com,Female,137.8.116.73
269,Norma,Ryan,nryan7g@ebay.com,Female,199.73.69.77
270,George,Sanders,gsanders7h@alexa.com,Male,101.109.17.200
271,Marie,Henderson,mhenderson7i@tuttocitta.it,Female,156.138.111.173
272,Victor,Mitchell,vmitchell7j@geocities.jp,Male,129.0.193.141
273,Larry,Morrison,lmorrison7k@virginia.edu,Male,219.117.47.192
274,Betty,Jordan,bjordan7l@unicef.org,Female,46.203.192.164
275,Shirley,Mccoy,smccoy7m@csmonitor.com,Female,120.36.95.60
276,Joan,Austin,jaustin7n@umn.edu,Female,114.45.140.137
277,Donald,Fernandez,dfernandez7o@vistaprint.com,Male,13.53.19.154
278,Raymond,Cook,rcook7p@seattletimes.com,Male,234.217.51.217
279,Benjamin,Frazier,bfrazier7q@domainmarket.com,Male,197.13.147.55
280,Christopher,Cunningham,ccunningham7r@harvard.edu,Male,249.69.93.143
281,Scott,Young,syoung7s@smh.com.au,Male,241.224.205.51
282,Nicole,Butler,nbutler7t@alexa.com,Female,195.177.8.183
283,John,Thompson,jthompson7u@51.la,Male,46.76.252.35
284,Earl,Burton,eburton7v@sciencedirect.com,Male,67.14.119.198
285,Ralph,Butler,rbutler7w@fema.gov,Male,16.22.83.126
286,Harry,Brown,hbrown7x@bluehost.com,Male,57.70.147.151
287,Fred,Mills,fmills7y@comcast.net,Male,22.196.168.250
288,Patrick,Warren,pwarren7z@oakley.com,Male,140.181.184.46
289,Theresa,Gomez,tgomez80@weebly.com,Female,160.44.55.22
290,Ashley,Grant,agrant81@ezinearticles.com,Female,139.157.49.63
291,Anna,Thomas,athomas82@chron.com,Female,234.231.181.4
292,Joseph,Andrews,jandrews83@sogou.com,Male,234.196.238.29
293,Irene,Russell,irussell84@chron.com,Female,104.0.174.51
294,Billy,Smith,bsmith85@latimes.com,Male,33.217.108.178
295,Wayne,Cox,wcox86@boston.com,Male,46.149.174.109
296,Steve,Jones,sjones87@wix.com,Male,237.42.155.112
297,Catherine,Vasquez,cvasquez88@csmonitor.com,Female,134.71.130.228
298,Marilyn,Chapman,mchapman89@wordpress.org,Female,8.71.147.203
299,Diana,Rodriguez,drodriguez8a@opera.com,Female,170.179.115.89
300,Jimmy,Perry,jperry8b@csmonitor.com,Male,134.234.227.145
301,Patrick,West,pwest8c@qq.com,Male,196.106.46.93
302,Diana,Torres,dtorres8d@networksolutions.com,Female,194.66.113.216
303,Randy,Arnold,rarnold8e@flavors.me,Male,171.88.64.131
304,Judith,Clark,jclark8f@google.com,Female,153.113.102.253
305,Juan,Carpenter,jcarpenter8g@yandex.ru,Male,87.62.76.189
306,Willie,Ferguson,wferguson8h@slideshare.net,Male,79.12.90.155
307,Emily,Henderson,ehenderson8i@amazon.com,Female,140.120.57.113
308,Brandon,Thompson,bthompson8j@cafepress.com,Male,195.134.141.140
309,Helen,Harrison,hharrison8k@pbs.org,Female,48.70.118.238
310,Carlos,Brooks,cbrooks8l@myspace.com,Male,247.43.93.168
311,John,Baker,jbaker8m@opensource.org,Male,80.101.34.198
312,Angela,Riley,ariley8n@about.com,Female,79.27.122.157
313,Eric,Warren,ewarren8o@huffingtonpost.com,Male,240.77.57.36
314,Juan,Wright,jwright8p@bing.com,Male,178.43.64.176
315,Bruce,Knight,bknight8q@vistaprint.com,Male,198.29.63.186
316,Linda,Butler,lbutler8r@irs.gov,Female,27.81.239.179
317,Dennis,Gonzales,dgonzales8s@comsenz.com,Male,112.219.90.91
318,Wanda,Hanson,whanson8t@bloglines.com,Female,46.112.161.20
319,Bobby,Wells,bwells8u@elegantthemes.com,Male,222.63.113.97
320,Linda,Frazier,lfrazier8v@sohu.com,Female,87.99.255.11
321,Margaret,Berry,mberry8w@blogs.com,Female,29.112.16.1
322,Ashley,Harper,aharper8x@illinois.edu,Female,33.99.85.232
323,Larry,Hunter,lhunter8y@indiatimes.com,Male,51.15.186.107
324,Craig,Bell,cbell8z@seesaa.net,Male,40.89.1.71
325,Earl,Armstrong,earmstrong90@photobucket.com,Male,219.93.243.235
326,Scott,Cunningham,scunningham91@va.gov,Male,93.3.130.53
327,Janet,Castillo,jcastillo92@is.gd,Female,233.200.221.50
328,Angela,Harvey,aharvey93@reuters.com,Female,130.182.103.225
329,Ashley,Bishop,abishop94@reuters.com,Female,80.21.104.224
330,Barbara,Allen,ballen95@army.mil,Female,200.174.218.106
331,Walter,Carr,wcarr96@nsw.gov.au,Male,35.228.24.1
332,Patrick,Fisher,pfisher97@mac.com,Male,53.0.157.54
333,Maria,Peterson,mpeterson98@go.com,Female,73.36.165.240
334,Philip,Robertson,probertson99@e-recht24.de,Male,244.120.124.164
335,Anne,Burton,aburton9a@cornell.edu,Female,19.173.227.9
336,Alan,Cooper,acooper9b@1und1.de,Male,106.130.14.198
337,Susan,Ramos,sramos9c@typepad.com,Female,222.178.30.24
338,Joe,Greene,jgreene9d@imdb.com,Male,196.76.32.43
339,Jacqueline,Kennedy,jkennedy9e@netlog.com,Female,249.4.119.33
340,Mary,Simmons,msimmons9f@printfriendly.com,Female,188.94.110.28
341,Matthew,Hart,mhart9g@amazon.co.uk,Male,133.60.61.39
342,Janice,Phillips,jphillips9h@unicef.org,Female,96.242.252.163
343,Timothy,Roberts,troberts9i@homestead.com,Male,169.227.167.194
344,Aaron,Long,along9j@msu.edu,Male,129.206.146.108
345,Stephen,Little,slittle9k@nytimes.com,Male,189.130.67.7
346,Walter,Lewis,wlewis9l@senate.gov,Male,85.251.68.196
347,Jennifer,Chavez,jchavez9m@ihg.com,Female,58.144.254.76
348,Terry,Peterson,tpeterson9n@geocities.jp,Male,42.184.147.45
349,Kelly,Mcdonald,kmcdonald9o@japanpost.jp,Female,42.201.82.140
350,Joe,Collins,jcollins9p@dagondesign.com,Male,108.43.81.68
351,Maria,Carpenter,mcarpenter9q@phpbb.com,Female,255.188.164.224
352,Kathy,Simpson,ksimpson9r@liveinternet.ru,Female,26.176.169.183
353,Alan,Powell,apowell9s@etsy.com,Male,121.204.82.11
354,Kevin,Jenkins,kjenkins9t@patch.com,Male,118.92.134.108
355,Dorothy,Dixon,ddixon9u@com.com,Female,136.95.115.9
356,Patrick,Morrison,pmorrison9v@imdb.com,Male,1.105.241.26
357,Cynthia,Ross,cross9w@home.pl,Female,167.94.175.74
358,James,Reynolds,jreynolds9x@earthlink.net,Male,38.79.169.228
359,Scott,White,swhite9y@vkontakte.ru,Male,200.16.43.24
360,Alan,Brooks,abrooks9z@sakura.ne.jp,Male,175.52.112.242
361,Lois,Washington,lwashingtona0@mapy.cz,Female,152.68.41.231
362,Anna,Taylor,ataylora1@biglobe.ne.jp,Female,196.173.64.117
363,Theresa,Hawkins,thawkinsa2@bloglovin.com,Female,194.228.11.31
364,Chris,Davis,cdavisa3@hatena.ne.jp,Male,180.231.175.190
365,Gary,Ellis,gellisa4@multiply.com,Male,153.238.202.169
366,Richard,Jacobs,rjacobsa5@statcounter.com,Male,0.226.234.42
367,Tammy,Garza,tgarzaa6@nyu.edu,Female,78.87.103.33
368,Larry,Harper,lharpera7@tripod.com,Male,113.40.181.39
369,Robert,Ferguson,rfergusona8@epa.gov,Male,158.39.82.254
370,Janice,Dixon,jdixona9@springer.com,Female,114.15.112.11
371,Kelly,Rose,kroseaa@imageshack.us,Female,138.10.109.90
372,Louise,Crawford,lcrawfordab@foxnews.com,Female,65.203.157.73
373,Katherine,Mason,kmasonac@over-blog.com,Female,223.60.183.220
374,Carlos,Oliver,coliverad@un.org,Male,68.167.220.87
375,Pamela,Harvey,pharveyae@economist.com,Female,72.39.165.200
376,Juan,Hart,jhartaf@reverbnation.com,Male,209.117.68.181
377,Willie,Bryant,wbryantag@elpais.com,Male,54.34.198.70
378,Ralph,Kelly,rkellyah@independent.co.uk,Male,109.113.216.181
379,Roy,Evans,revansai@list-manage.com,Male,89.206.10.206
380,Doris,Burke,dburkeaj@businessinsider.com,Female,191.64.15.218
381,Marilyn,Ryan,mryanak@moonfruit.com,Female,101.99.123.192
382,Robert,Dixon,rdixonal@fema.gov,Male,78.149.124.214
383,Tammy,Carroll,tcarrollam@patch.com,Female,34.161.203.141
384,Jennifer,Barnes,jbarnesan@multiply.com,Female,25.127.24.21
385,Elizabeth,Duncan,eduncanao@cbc.ca,Female,53.133.181.25
386,Michelle,Russell,mrussellap@blinklist.com,Female,122.91.58.78
387,Norma,Jacobs,njacobsaq@altervista.org,Female,180.229.232.3
388,Kimberly,Butler,kbutlerar@moonfruit.com,Female,61.246.126.59
389,Diana,Carter,dcarteras@webeden.co.uk,Female,87.213.28.81
390,Gregory,Fowler,gfowlerat@slideshare.net,Male,178.88.219.157
391,Rachel,Harper,rharperau@oaic.gov.au,Female,101.214.69.28
392,Ronald,Adams,radamsav@paypal.com,Male,230.67.185.137
393,Christina,Diaz,cdiazaw@simplemachines.org,Female,82.147.170.197
394,Willie,Griffin,wgriffinax@opensource.org,Male,54.18.248.9
395,Heather,Willis,hwillisay@fotki.com,Female,138.143.42.181
396,Joshua,Simmons,jsimmonsaz@booking.com,Male,182.214.99.14
397,Donald,Jenkins,djenkinsb0@ucoz.com,Male,14.137.44.238
398,Heather,Sanchez,hsanchezb1@goo.gl,Female,125.12.225.12
399,Ralph,Bryant,rbryantb2@weebly.com,Male,166.68.63.251
400,Craig,Garza,cgarzab3@wsj.com,Male,84.11.131.197
401,Laura,Hernandez,lhernandezb4@comsenz.com,Female,101.20.170.87
402,Billy,Reid,breidb5@tripadvisor.com,Male,249.49.105.190
403,Wayne,Rose,wroseb6@narod.ru,Male,243.228.127.89
404,Evelyn,Alexander,ealexanderb7@printfriendly.com,Female,181.9.117.86
405,Maria,Mendoza,mmendozab8@google.com,Female,147.223.66.64
406,Ruth,Schmidt,rschmidtb9@wufoo.com,Female,132.118.63.173
407,Alice,Myers,amyersba@sohu.com,Female,145.250.140.55
408,Victor,Jordan,vjordanbb@yahoo.com,Male,25.19.135.194
409,Catherine,Lewis,clewisbc@wikia.com,Female,250.230.194.249
410,Earl,Wright,ewrightbd@ox.ac.uk,Male,231.52.31.202
411,James,Cook,jcookbe@shutterfly.com,Male,28.71.233.246
412,Harry,Gibson,hgibsonbf@eventbrite.com,Male,110.151.118.210
413,Terry,Gutierrez,tgutierrezbg@disqus.com,Male,176.103.190.98
414,Anthony,Kelley,akelleybh@mac.com,Male,211.64.87.109
415,Shawn,Burton,sburtonbi@ca.gov,Male,175.4.10.84
416,Nancy,Sanchez,nsanchezbj@mozilla.com,Female,194.143.227.183
417,Jack,Spencer,jspencerbk@alibaba.com,Male,168.226.108.20
418,Judy,Hernandez,jhernandezbl@seattletimes.com,Female,232.81.108.27
419,Phillip,Lewis,plewisbm@google.es,Male,36.0.255.123
420,Shawn,Burke,sburkebn@nps.gov,Male,100.36.114.145
421,Patricia,Fernandez,pfernandezbo@constantcontact.com,Female,172.118.66.66
422,Chris,Carter,ccarterbp@goo.ne.jp,Male,22.30.75.47
423,Gerald,Hernandez,ghernandezbq@comsenz.com,Male,60.137.120.40
424,Barbara,Dunn,bdunnbr@chronoengine.com,Female,210.145.8.86
425,Walter,Stevens,wstevensbs@arizona.edu,Male,123.72.152.63
426,Anthony,George,ageorgebt@alexa.com,Male,125.142.131.236
427,Doris,Parker,dparkerbu@ning.com,Female,171.179.17.225
428,Deborah,Hayes,dhayesbv@omniture.com,Female,220.252.237.223
429,Andrea,Oliver,aoliverbw@ezinearticles.com,Female,110.253.160.216
430,Richard,Hicks,rhicksbx@so-net.ne.jp,Male,85.70.80.198
431,Virginia,Walker,vwalkerby@de.vu,Female,234.3.228.254
432,Dorothy,Ferguson,dfergusonbz@parallels.com,Female,15.42.57.48
433,Tammy,Webb,twebbc0@craigslist.org,Female,111.183.193.111
434,Bonnie,Johnson,bjohnsonc1@topsy.com,Female,134.151.77.62
435,Patrick,Diaz,pdiazc2@4shared.com,Male,30.145.78.200
436,Rachel,Hill,rhillc3@slideshare.net,Female,189.178.35.75
437,Julia,Sanders,jsandersc4@prlog.org,Female,140.249.251.3
438,Janet,Cook,jcookc5@g.co,Female,106.238.51.177
439,Gary,Brooks,gbrooksc6@mtv.com,Male,225.192.3.198
440,Patrick,Taylor,ptaylorc7@bing.com,Male,203.246.110.85
441,Sean,Weaver,sweaverc8@furl.net,Male,168.63.96.106
442,Jonathan,Jones,jjonesc9@wsj.com,Male,254.0.98.234
443,Harry,Perry,hperryca@is.gd,Male,37.125.187.182
444,Carl,Mendoza,cmendozacb@google.com.br,Male,210.67.178.21
445,Mildred,Knight,mknightcc@kickstarter.com,Female,111.251.137.255
446,Jessica,Jenkins,jjenkinscd@jimdo.com,Female,173.22.177.188
447,Johnny,Adams,jadamsce@sakura.ne.jp,Male,162.146.155.82
448,Annie,Hunter,ahuntercf@1688.com,Female,43.121.147.173
449,Lois,Henderson,lhendersoncg@over-blog.com,Female,81.188.138.238
450,Earl,Dean,edeanch@microsoft.com,Male,183.106.104.199
451,Wanda,Martinez,wmartinezci@hostgator.com,Female,253.37.71.61
452,Amy,Robertson,arobertsoncj@google.ca,Female,217.56.249.173
453,Gregory,Williamson,gwilliamsonck@tripod.com,Male,97.37.43.157
454,Alan,Jacobs,ajacobscl@usda.gov,Male,143.248.125.197
455,Kathleen,Thompson,kthompsoncm@gov.uk,Female,146.67.97.110
456,Russell,King,rkingcn@nifty.com,Male,196.174.144.49
457,Harold,Miller,hmillerco@constantcontact.com,Male,119.183.107.249
458,Marilyn,Carr,mcarrcp@skype.com,Female,142.196.44.84
459,Tina,Hall,thallcq@nasa.gov,Female,68.139.97.132
460,Gloria,Romero,gromerocr@list-manage.com,Female,145.224.182.229
461,Albert,Wood,awoodcs@boston.com,Male,129.197.42.169
462,Kathryn,Gardner,kgardnerct@shinystat.com,Female,222.4.30.31
463,Doris,Evans,devanscu@tripadvisor.com,Female,14.200.223.232
464,Mary,James,mjamescv@imageshack.us,Female,126.125.2.188
465,Kelly,Flores,kflorescw@unblog.fr,Female,249.117.167.208
466,William,Henderson,whendersoncx@alibaba.com,Male,187.71.201.71
467,Ruby,Allen,rallency@blog.com,Female,53.1.9.72
468,Nicholas,Reed,nreedcz@mail.ru,Male,147.114.216.156
469,Tina,Sullivan,tsullivand0@hugedomains.com,Female,186.244.28.34
470,Carol,Morales,cmoralesd1@jugem.jp,Female,181.91.228.162
471,Mildred,Lewis,mlewisd2@phoca.cz,Female,189.163.211.161
472,Clarence,Perez,cperezd3@apple.com,Male,86.168.121.118
473,Barbara,Scott,bscottd4@dropbox.com,Female,199.216.66.142
474,Jose,Medina,jmedinad5@webmd.com,Male,67.136.106.248
475,Sharon,Johnston,sjohnstond6@zimbio.com,Female,115.170.222.155
476,Carlos,Barnes,cbarnesd7@nyu.edu,Male,152.70.125.163
477,Julie,Vasquez,jvasquezd8@washingtonpost.com,Female,184.28.86.153
478,Annie,Reyes,areyesd9@naver.com,Female,118.240.179.150
479,Lisa,Willis,lwillisda@scribd.com,Female,28.212.213.140
480,Eric,Moreno,emorenodb@latimes.com,Male,210.212.195.180
481,Julie,Meyer,jmeyerdc@amazon.de,Female,146.105.107.117
482,Anne,Cruz,acruzdd@bloglines.com,Female,68.110.206.227
483,Rose,Peterson,rpetersonde@ucoz.com,Female,17.45.82.167
484,Kathryn,Sullivan,ksullivandf@huffingtonpost.com,Female,127.89.113.196
485,Betty,Green,bgreendg@examiner.com,Female,218.122.139.137
486,Keith,Foster,kfosterdh@fc2.com,Male,183.161.168.78
487,Teresa,Harrison,tharrisondi@github.com,Female,168.247.246.202
488,Clarence,Dunn,cdunndj@bandcamp.com,Male,111.137.81.91
489,Billy,Hernandez,bhernandezdk@reddit.com,Male,153.52.169.143
490,Marilyn,Porter,mporterdl@wix.com,Female,59.239.176.124
491,Deborah,Gibson,dgibsondm@mit.edu,Female,177.119.162.86
492,John,Johnson,jjohnsondn@photobucket.com,Male,233.77.251.106
493,Barbara,Pierce,bpiercedo@amazonaws.com,Female,109.239.43.173
494,Paula,Greene,pgreenedp@adobe.com,Female,136.79.7.90
495,Harry,Edwards,hedwardsdq@cafepress.com,Male,209.58.198.207
496,Christopher,Weaver,cweaverdr@cafepress.com,Male,82.198.87.232
497,Irene,Snyder,isnyderds@dot.gov,Female,105.240.45.240
498,Donald,Perry,dperrydt@bbc.co.uk,Male,183.156.143.149
499,Ralph,Bowman,rbowmandu@skype.com,Male,196.68.223.169
500,Evelyn,Gonzalez,egonzalezdv@dailymail.co.uk,Female,80.237.198.238
501,Gerald,Romero,gromerodw@diigo.com,Male,16.205.132.145
502,Doris,Allen,dallendx@dell.com,Female,252.5.15.127
503,Martha,Turner,mturnerdy@latimes.com,Female,214.239.26.192
504,Samuel,Lewis,slewisdz@soup.io,Male,226.136.216.161
505,Christine,Gonzalez,cgonzaleze0@de.vu,Female,23.156.150.15
506,Lisa,Hart,lharte1@cam.ac.uk,Female,103.126.34.135
507,Elizabeth,Perry,eperrye2@paginegialle.it,Female,161.205.115.184
508,Peter,Graham,pgrahame3@furl.net,Male,149.164.118.199
509,Cynthia,Watson,cwatsone4@bravesites.com,Female,163.13.136.250
510,Scott,Marshall,smarshalle5@discovery.com,Male,55.219.10.124
511,Adam,Medina,amedinae6@ca.gov,Male,57.28.178.159
512,Tina,Anderson,tandersone7@weebly.com,Female,113.121.36.241
513,Bruce,Brooks,bbrookse8@gravatar.com,Male,96.130.254.127
514,Todd,Alvarez,talvareze9@lulu.com,Male,147.232.39.81
515,Thomas,Rice,triceea@google.com.au,Male,235.90.3.2
516,Heather,Wood,hwoodeb@reverbnation.com,Female,153.175.160.130
517,Donald,Johnson,djohnsonec@desdev.cn,Male,218.55.78.187
518,Nancy,Davis,ndavised@paypal.com,Female,211.20.99.104
519,Sara,Woods,swoodsee@topsy.com,Female,149.55.129.219
520,Roger,Day,rdayef@stanford.edu,Male,78.6.250.236
521,Wayne,Little,wlittleeg@umn.edu,Male,157.9.113.137
522,Samuel,Ray,srayeh@vkontakte.ru,Male,3.230.129.95
523,Anne,Rodriguez,arodriguezei@sciencedaily.com,Female,86.135.139.8
524,Julie,Bailey,jbaileyej@who.int,Female,201.2.187.128
525,Richard,Simmons,rsimmonsek@vinaora.com,Male,138.83.210.76
526,Douglas,Price,dpriceel@wordpress.org,Male,168.214.86.57
527,Margaret,Gordon,mgordonem@ed.gov,Female,94.124.250.142
528,Cynthia,Owens,cowensen@youtu.be,Female,135.244.57.124
529,Anthony,Bradley,abradleyeo@nyu.edu,Male,112.45.117.154
530,Kimberly,Russell,krussellep@clickbank.net,Female,154.191.244.236
531,Mildred,Smith,msmitheq@topsy.com,Female,97.86.94.52
532,Judith,Patterson,jpattersoner@fc2.com,Female,115.62.58.218
533,Stephen,Welch,swelches@mail.ru,Male,87.64.254.221
534,Barbara,Meyer,bmeyeret@webeden.co.uk,Female,12.113.38.219
535,Craig,Bishop,cbishopeu@sfgate.com,Male,230.38.21.85
536,Ashley,Gibson,agibsonev@mapy.cz,Female,203.51.90.218
537,Maria,Hudson,mhudsonew@odnoklassniki.ru,Female,11.91.172.62
538,Katherine,Mitchell,kmitchellex@senate.gov,Female,146.161.160.175
539,Peter,Fowler,pfowlerey@theatlantic.com,Male,108.70.58.106
540,Phyllis,Welch,pwelchez@hugedomains.com,Female,137.4.115.187
541,Howard,Gomez,hgomezf0@fc2.com,Male,53.11.69.3
542,Laura,Davis,ldavisf1@tripod.com,Female,182.245.62.67
543,Clarence,Mitchell,cmitchellf2@yellowpages.com,Male,83.83.184.240
544,Philip,Porter,pporterf3@economist.com,Male,213.43.124.241
545,Terry,Hansen,thansenf4@i2i.jp,Male,227.195.236.20
546,Russell,Cole,rcolef5@utexas.edu,Male,52.5.9.185
547,Theresa,Pierce,tpiercef6@scribd.com,Female,220.124.1.146
548,Jack,Hughes,jhughesf7@businesswire.com,Male,131.3.144.155
549,George,Cruz,gcruzf8@so-net.ne.jp,Male,19.20.95.30
550,Jonathan,Gibson,jgibsonf9@forbes.com,Male,216.6.93.99
551,Chris,Thomas,cthomasfa@bravesites.com,Male,34.67.104.57
552,Gary,Berry,gberryfb@chron.com,Male,38.252.159.136
553,Justin,Bryant,jbryantfc@chron.com,Male,79.87.15.13
554,Bonnie,Kelly,bkellyfd@delicious.com,Female,171.192.178.184
555,Jimmy,Vasquez,jvasquezfe@dailymail.co.uk,Male,13.181.47.213
556,Raymond,Spencer,rspencerff@tinypic.com,Male,112.13.65.120
557,Mildred,Moore,mmoorefg@unesco.org,Female,235.92.64.100
558,Frank,Roberts,frobertsfh@icq.com,Male,161.156.194.174
559,Anthony,Clark,aclarkfi@yahoo.co.jp,Male,213.59.47.213
560,Lillian,Holmes,lholmesfj@twitpic.com,Female,131.238.197.172
561,Donald,Flores,dfloresfk@4shared.com,Male,41.240.182.196
562,Rebecca,Cooper,rcooperfl@ocn.ne.jp,Female,33.58.70.173
563,Jacqueline,Cooper,jcooperfm@tripadvisor.com,Female,116.252.163.198
564,Dorothy,Gonzales,dgonzalesfn@statcounter.com,Female,249.212.60.120
565,Marie,Burton,mburtonfo@engadget.com,Female,90.41.142.242
566,Jennifer,Mason,jmasonfp@simplemachines.org,Female,66.223.166.248
567,Nicole,Butler,nbutlerfq@biblegateway.com,Female,128.232.147.133
568,Gloria,Cook,gcookfr@uol.com.br,Female,134.7.170.192
569,Stephanie,Scott,sscottfs@elpais.com,Female,85.183.52.118
570,Catherine,Kelly,ckellyft@blogger.com,Female,87.5.2.213
571,Joshua,Grant,jgrantfu@microsoft.com,Male,226.231.100.201
572,Elizabeth,Cooper,ecooperfv@google.co.uk,Female,104.35.38.233
573,Clarence,Lawrence,clawrencefw@a8.net,Male,149.223.118.225
574,Betty,Jacobs,bjacobsfx@ibm.com,Female,133.34.159.19
575,Thomas,Simpson,tsimpsonfy@omniture.com,Male,142.44.24.53
576,Carol,Hunter,chunterfz@ebay.com,Female,190.1.154.63
577,Roy,Scott,rscottg0@pen.io,Male,154.66.71.205
578,Norma,Campbell,ncampbellg1@biglobe.ne.jp,Female,145.68.145.202
579,Deborah,Griffin,dgriffing2@comsenz.com,Female,206.51.153.19
580,Samuel,Sanders,ssandersg3@devhub.com,Male,24.204.198.253
581,Raymond,Porter,rporterg4@csmonitor.com,Male,221.91.160.162
582,Gloria,Knight,gknightg5@epa.gov,Female,177.142.32.192
583,Raymond,Fox,rfoxg6@shareasale.com,Male,24.229.25.85
584,Lillian,Little,llittleg7@google.cn,Female,2.19.234.16
585,Keith,Meyer,kmeyerg8@multiply.com,Male,62.182.148.113
586,Julia,Lewis,jlewisg9@hp.com,Female,217.215.82.249
587,Martin,Hanson,mhansonga@aboutads.info,Male,171.119.75.166
588,Charles,Jones,cjonesgb@tinyurl.com,Male,73.44.200.81
589,Phyllis,Hill,phillgc@va.gov,Female,23.185.157.139
590,Fred,Perry,fperrygd@sohu.com,Male,184.161.171.245
591,Frank,Mcdonald,fmcdonaldge@cornell.edu,Male,144.144.203.88
592,Sara,Mccoy,smccoygf@goodreads.com,Female,245.130.44.138
593,Diana,Hunt,dhuntgg@europa.eu,Female,235.111.186.47
594,Albert,Cruz,acruzgh@whitehouse.gov,Male,230.222.155.90
595,Heather,Boyd,hboydgi@histats.com,Female,221.156.59.78
596,Kathleen,Nelson,knelsongj@clickbank.net,Female,205.111.44.90
597,Nicholas,Reid,nreidgk@europa.eu,Male,115.168.106.28
598,Tammy,Robertson,trobertsongl@opensource.org,Female,106.246.123.84
599,Billy,Dixon,bdixongm@dropbox.com,Male,66.95.213.164
600,Julia,Hicks,jhicksgn@prweb.com,Female,115.86.85.38
601,Theresa,Dixon,tdixongo@miibeian.gov.cn,Female,223.178.105.133
602,Dennis,Bryant,dbryantgp@over-blog.com,Male,22.177.217.206
603,Edward,Payne,epaynegq@eventbrite.com,Male,27.0.33.115
604,Scott,Carroll,scarrollgr@sina.com.cn,Male,27.166.97.4
605,Julie,Knight,jknightgs@t-online.de,Female,20.165.61.84
606,Karen,Lewis,klewisgt@artisteer.com,Female,47.105.139.225
607,Brandon,Hunt,bhuntgu@linkedin.com,Male,47.95.161.145
608,Alan,Bradley,abradleygv@boston.com,Male,168.150.146.7
609,Andrea,Alexander,aalexandergw@seattletimes.com,Female,19.225.219.126
610,Daniel,Sanchez,dsanchezgx@hexun.com,Male,21.76.219.177
611,Shirley,Wright,swrightgy@e-recht24.de,Female,90.230.190.108
612,Nancy,Stanley,nstanleygz@domainmarket.com,Female,83.187.224.201
613,Emily,Ray,erayh0@mozilla.com,Female,41.153.68.81
614,Donald,Stewart,dstewarth1@sphinn.com,Male,170.176.139.192
615,Todd,Hart,tharth2@simplemachines.org,Male,246.151.63.253
616,Eugene,Jackson,ejacksonh3@ibm.com,Male,143.6.168.254
617,Joseph,Lewis,jlewish4@storify.com,Male,13.150.207.23
618,Shawn,Jackson,sjacksonh5@redcross.org,Male,59.43.210.155
619,Carol,Wilson,cwilsonh6@themeforest.net,Female,133.36.40.141
620,Shirley,Stewart,sstewarth7@360.cn,Female,6.172.179.123
621,Peter,Carpenter,pcarpenterh8@icq.com,Male,86.178.49.123
622,Angela,Moore,amooreh9@hud.gov,Female,48.64.28.235
623,Lawrence,Watkins,lwatkinsha@amazon.co.jp,Male,114.22.129.73
624,Terry,Sullivan,tsullivanhb@marriott.com,Male,109.220.216.182
625,Jimmy,Allen,jallenhc@buzzfeed.com,Male,198.99.240.10
626,Susan,Robinson,srobinsonhd@flavors.me,Female,100.216.67.209
627,Ann,West,awesthe@sfgate.com,Female,75.176.76.245
628,Samuel,Moore,smoorehf@surveymonkey.com,Male,176.52.76.208
629,Andrea,Stewart,astewarthg@ibm.com,Female,57.6.128.26
630,Martha,Baker,mbakerhh@arizona.edu,Female,4.232.134.182
631,Barbara,Richards,brichardshi@imageshack.us,Female,115.7.18.142
632,Anne,Ruiz,aruizhj@yahoo.com,Female,237.82.54.246
633,Kelly,Ray,krayhk@photobucket.com,Female,41.109.116.248
634,Tammy,Lynch,tlynchhl@accuweather.com,Female,97.63.243.21
635,Gerald,Gutierrez,ggutierrezhm@reddit.com,Male,157.239.40.143
636,Wanda,Lawson,wlawsonhn@about.com,Female,12.24.202.4
637,Rebecca,Wood,rwoodho@scribd.com,Female,231.85.168.186
638,Timothy,Weaver,tweaverhp@diigo.com,Male,117.31.80.71
639,Steven,Kelly,skellyhq@shareasale.com,Male,33.215.97.92
640,Fred,Elliott,felliotthr@jigsy.com,Male,77.174.88.42
641,Debra,Wilson,dwilsonhs@booking.com,Female,84.23.27.119
642,Linda,Barnes,lbarnesht@dailymotion.com,Female,251.212.138.75
643,Sean,Adams,sadamshu@time.com,Male,235.5.50.189
644,Margaret,Myers,mmyershv@blinklist.com,Female,193.245.228.189
645,Norma,Coleman,ncolemanhw@themeforest.net,Female,11.105.185.209
646,Janet,Garza,jgarzahx@ifeng.com,Female,251.99.232.230
647,Kelly,Murray,kmurrayhy@slideshare.net,Female,171.164.172.55
648,Emily,Webb,ewebbhz@google.com,Female,35.255.153.71
649,Evelyn,Watkins,ewatkinsi0@virginia.edu,Female,156.33.104.151
650,Dennis,Peters,dpetersi1@creativecommons.org,Male,152.41.156.163
651,Donald,Walker,dwalkeri2@twitter.com,Male,74.145.166.220
652,Todd,Fuller,tfulleri3@clickbank.net,Male,2.108.89.74
653,Jerry,Murray,jmurrayi4@scribd.com,Male,36.82.243.153
654,Helen,Morris,hmorrisi5@pcworld.com,Female,234.64.188.68
655,Fred,Smith,fsmithi6@shutterfly.com,Male,66.254.78.43
656,Debra,Meyer,dmeyeri7@ning.com,Female,255.73.246.105
657,Kelly,Larson,klarsoni8@va.gov,Female,242.29.164.87
658,Scott,Campbell,scampbelli9@nps.gov,Male,45.79.252.95
659,Patrick,Burke,pburkeia@princeton.edu,Male,151.105.22.107
660,Carolyn,Dixon,cdixonib@forbes.com,Female,36.111.79.236
661,Jimmy,Roberts,jrobertsic@google.nl,Male,197.88.245.224
662,Joan,Perry,jperryid@sitemeter.com,Female,244.75.239.102
663,Adam,Johnston,ajohnstonie@ebay.com,Male,205.22.55.61
664,Nicholas,Jacobs,njacobsif@barnesandnoble.com,Male,143.122.243.143
665,Richard,Mason,rmasonig@nature.com,Male,143.125.63.253
666,Billy,Armstrong,barmstrongih@artisteer.com,Male,69.248.196.113
667,Edward,White,ewhiteii@mozilla.com,Male,107.208.66.46
668,Carolyn,Burns,cburnsij@upenn.edu,Female,238.241.231.219
669,Jeffrey,Barnes,jbarnesik@thetimes.co.uk,Male,175.228.6.67
670,Antonio,Walker,awalkeril@istockphoto.com,Male,101.97.8.132
671,Jacqueline,Bowman,jbowmanim@hc360.com,Female,61.32.72.130
672,Russell,Wallace,rwallacein@usatoday.com,Male,23.12.204.24
673,Paul,Willis,pwillisio@biblegateway.com,Male,222.223.8.97
674,Gerald,Ellis,gellisip@netlog.com,Male,227.7.17.101
675,Judy,Morgan,jmorganiq@stanford.edu,Female,214.213.62.91
676,Gerald,Hansen,ghansenir@parallels.com,Male,188.14.31.175
677,Jessica,Parker,jparkeris@xrea.com,Female,211.137.63.122
678,Steve,Lawrence,slawrenceit@forbes.com,Male,35.229.78.65
679,Douglas,Hughes,dhughesiu@soup.io,Male,92.45.197.88
680,Brian,Clark,bclarkiv@t.co,Male,124.99.245.74
681,Edward,Stephens,estephensiw@sitemeter.com,Male,194.73.108.198
682,Stephanie,Rice,sriceix@last.fm,Female,20.75.231.188
683,Carolyn,Johnston,cjohnstoniy@businessinsider.com,Female,127.17.69.184
684,Fred,Peters,fpetersiz@edublogs.org,Male,158.82.241.64
685,Lawrence,Howell,lhowellj0@army.mil,Male,194.255.176.129
686,Carolyn,Rose,crosej1@netlog.com,Female,168.175.250.161
687,Shawn,Hughes,shughesj2@irs.gov,Male,182.65.81.39
688,William,Boyd,wboydj3@nsw.gov.au,Male,110.120.217.227
689,Michelle,Bryant,mbryantj4@fastcompany.com,Female,122.208.203.191
690,Rachel,Fuller,rfullerj5@ft.com,Female,75.92.223.187
691,David,Reed,dreedj6@lulu.com,Male,15.233.179.193
692,Catherine,George,cgeorgej7@google.ca,Female,107.107.12.149
693,Joshua,Phillips,jphillipsj8@dagondesign.com,Male,98.247.234.43
694,Julie,Mccoy,jmccoyj9@webeden.co.uk,Female,74.219.192.109
695,David,Tucker,dtuckerja@google.co.uk,Male,199.86.204.67
696,Alan,Nelson,anelsonjb@statcounter.com,Male,105.111.168.74
697,Jimmy,Alvarez,jalvarezjc@msu.edu,Male,162.99.192.120
698,Mark,Roberts,mrobertsjd@dmoz.org,Male,230.119.21.178
699,Lisa,Hunt,lhuntje@devhub.com,Female,11.35.222.204
700,Debra,Perry,dperryjf@java.com,Female,68.158.250.169
701,Martin,Williams,mwilliamsjg@disqus.com,Male,191.112.154.194
702,Louise,Richardson,lrichardsonjh@bloglines.com,Female,97.198.9.255
703,Albert,Fields,afieldsji@cafepress.com,Male,17.178.134.133
704,Juan,Ellis,jellisjj@nasa.gov,Male,32.99.11.65
705,Jeffrey,White,jwhitejk@bloglines.com,Male,168.174.68.127
706,Lillian,Rice,lricejl@cyberchimps.com,Female,137.111.0.50
707,Ryan,Graham,rgrahamjm@bloglovin.com,Male,182.172.25.171
708,Judith,Romero,jromerojn@squarespace.com,Female,67.199.120.98
709,Martha,Black,mblackjo@angelfire.com,Female,67.185.121.229
710,Nicole,Long,nlongjp@cbc.ca,Female,14.63.182.28
711,Edward,Long,elongjq@hp.com,Male,255.62.117.109
712,Julia,Boyd,jboydjr@ycombinator.com,Female,94.189.88.196
713,Amanda,Hunter,ahunterjs@altervista.org,Female,244.243.88.41
714,Frances,Fowler,ffowlerjt@blogs.com,Female,225.81.166.27
715,Deborah,Pierce,dpierceju@oakley.com,Female,230.136.161.171
716,Joshua,Patterson,jpattersonjv@1und1.de,Male,250.100.255.191
717,Michelle,Reynolds,mreynoldsjw@loc.gov,Female,185.4.251.212
718,Michael,Collins,mcollinsjx@cloudflare.com,Male,79.178.25.176
719,Roger,White,rwhitejy@seesaa.net,Male,163.49.124.59
720,Gerald,Owens,gowensjz@sfgate.com,Male,181.115.174.204
721,Kenneth,Rivera,kriverak0@wufoo.com,Male,43.112.178.177
722,Antonio,Gonzalez,agonzalezk1@accuweather.com,Male,114.99.254.47
723,Brandon,Wagner,bwagnerk2@free.fr,Male,188.254.93.28
724,Elizabeth,King,ekingk3@wiley.com,Female,162.143.246.152
725,Jessica,Johnson,jjohnsonk4@jimdo.com,Female,145.100.1.43
726,Harry,Gordon,hgordonk5@bizjournals.com,Male,235.188.29.46
727,Ann,Chavez,achavezk6@deviantart.com,Female,224.199.237.63
728,Jennifer,Wheeler,jwheelerk7@multiply.com,Female,159.157.142.98
729,Alice,Parker,aparkerk8@theglobeandmail.com,Female,127.138.62.87
730,Jacqueline,Bowman,jbowmank9@tinyurl.com,Female,169.170.32.192
731,Clarence,Burton,cburtonka@theguardian.com,Male,73.133.34.66
732,Kenneth,Dunn,kdunnkb@ftc.gov,Male,18.32.127.39
733,Kevin,Woods,kwoodskc@gmpg.org,Male,244.142.230.3
734,Walter,Hansen,whansenkd@addtoany.com,Male,207.237.162.244
735,Daniel,Reynolds,dreynoldske@abc.net.au,Male,247.124.229.12
736,Judy,Cruz,jcruzkf@phoca.cz,Female,146.73.199.40
737,Joseph,Simmons,jsimmonskg@rambler.ru,Male,202.77.179.193
738,Maria,Berry,mberrykh@lulu.com,Female,150.248.127.27
739,Joan,Wagner,jwagnerki@ezinearticles.com,Female,159.106.238.123
740,Joe,Ray,jraykj@soundcloud.com,Male,155.38.171.130
741,Scott,Greene,sgreenekk@dailymail.co.uk,Male,198.145.45.93
742,Ruth,Ferguson,rfergusonkl@weebly.com,Female,172.156.235.163
743,Louise,Lopez,llopezkm@ask.com,Female,193.53.76.119
744,Sarah,Wilson,swilsonkn@1688.com,Female,160.60.255.108
745,Frank,Brown,fbrownko@hatena.ne.jp,Male,119.39.174.20
746,Ashley,Parker,aparkerkp@netvibes.com,Female,228.12.233.249
747,Joyce,Robertson,jrobertsonkq@ehow.com,Female,215.184.65.36
748,Melissa,Foster,mfosterkr@google.pl,Female,22.245.120.178
749,Carolyn,Simpson,csimpsonks@ca.gov,Female,241.213.187.17
750,Helen,King,hkingkt@feedburner.com,Female,187.11.192.120
751,Katherine,Thompson,kthompsonku@webs.com,Female,88.141.104.98
752,Harry,West,hwestkv@ustream.tv,Male,131.81.210.76
753,Helen,Green,hgreenkw@myspace.com,Female,97.170.214.250
754,Nicholas,Stone,nstonekx@google.cn,Male,190.55.127.35
755,Lois,Murphy,lmurphyky@utexas.edu,Female,88.131.230.234
756,Charles,Cook,ccookkz@redcross.org,Male,140.94.165.111
757,Deborah,Martinez,dmartinezl0@issuu.com,Female,176.234.186.58
758,Mildred,Nguyen,mnguyenl1@sfgate.com,Female,69.156.172.94
759,Marie,Crawford,mcrawfordl2@unblog.fr,Female,74.179.176.230
760,Michelle,Bowman,mbowmanl3@sfgate.com,Female,201.160.116.67
761,Brian,George,bgeorgel4@hibu.com,Male,22.217.254.33
762,Roy,Hart,rhartl5@dion.ne.jp,Male,253.96.58.13
763,William,Hernandez,whernandezl6@aol.com,Male,154.186.14.89
764,James,Wheeler,jwheelerl7@gov.uk,Male,159.113.234.81
765,Rose,Stevens,rstevensl8@about.com,Female,85.166.93.33
766,Amanda,Bradley,abradleyl9@prnewswire.com,Female,184.101.81.130
767,Ruby,Hudson,rhudsonla@mashable.com,Female,137.72.137.227
768,Annie,Flores,afloreslb@reverbnation.com,Female,194.185.148.128
769,Nancy,Allen,nallenlc@blinklist.com,Female,166.148.119.162
770,Craig,Payne,cpayneld@jiathis.com,Male,134.174.131.34
771,Jerry,Hunt,jhuntle@ft.com,Male,198.94.192.25
772,Irene,Martin,imartinlf@wikia.com,Female,161.105.185.169
773,Andrea,Hall,ahalllg@shareasale.com,Female,137.199.64.241
774,Joyce,Evans,jevanslh@hubpages.com,Female,228.87.164.3
775,Billy,Lynch,blynchli@example.com,Male,83.255.19.196
776,Steve,Lawson,slawsonlj@joomla.org,Male,91.161.201.50
777,Beverly,Jenkins,bjenkinslk@gizmodo.com,Female,63.129.65.155
778,Dorothy,Turner,dturnerll@etsy.com,Female,10.217.164.247
779,Julie,Roberts,jrobertslm@paypal.com,Female,170.161.166.24
780,Katherine,Watson,kwatsonln@hibu.com,Female,226.12.119.27
781,Pamela,Castillo,pcastillolo@ucsd.edu,Female,156.184.72.75
782,Sean,Stephens,sstephenslp@wisc.edu,Male,236.174.154.214
783,Judy,Freeman,jfreemanlq@walmart.com,Female,178.37.74.190
784,Steve,Mills,smillslr@about.me,Male,220.101.223.140
785,Earl,Stanley,estanleyls@xing.com,Male,203.26.232.111
786,Stephanie,Gardner,sgardnerlt@prlog.org,Female,61.156.31.162
787,Emily,Kelley,ekelleylu@economist.com,Female,32.42.130.229
788,Joseph,Rodriguez,jrodriguezlv@constantcontact.com,Male,118.79.228.144
789,Anna,Ramirez,aramirezlw@toplist.cz,Female,60.186.68.89
790,Jennifer,Powell,jpowelllx@technorati.com,Female,71.241.175.184
791,Robin,Evans,revansly@senate.gov,Female,254.45.253.234
792,Arthur,Lewis,alewislz@ucoz.com,Male,21.14.240.215
793,Andrea,Fuller,afullerm0@furl.net,Female,221.55.98.103
794,Henry,Andrews,handrewsm1@cisco.com,Male,150.6.241.73
795,Patricia,Butler,pbutlerm2@youtu.be,Female,153.42.189.159
796,Wayne,Griffin,wgriffinm3@netscape.com,Male,6.212.182.49
797,Kenneth,Robinson,krobinsonm4@blog.com,Male,79.27.170.163
798,Tammy,Hawkins,thawkinsm5@alexa.com,Female,142.196.172.188
799,Raymond,Jacobs,rjacobsm6@yolasite.com,Male,6.255.206.93
800,Lois,Robinson,lrobinsonm7@ted.com,Female,5.91.10.125
801,Ronald,Ray,rraym8@paypal.com,Male,89.147.138.116
802,Amy,Foster,afosterm9@squidoo.com,Female,135.27.168.0
803,George,Myers,gmyersma@usgs.gov,Male,156.115.27.98
804,Jerry,Sims,jsimsmb@netlog.com,Male,98.219.216.235
805,Jean,Hernandez,jhernandezmc@cnbc.com,Female,180.44.17.60
806,Kathy,Montgomery,kmontgomerymd@slideshare.net,Female,26.33.161.102
807,Timothy,Anderson,tandersonme@phpbb.com,Male,100.232.38.159
808,Jeffrey,Porter,jportermf@nifty.com,Male,105.15.162.108
809,Laura,Wallace,lwallacemg@webeden.co.uk,Female,226.131.199.108
810,Kathy,Gray,kgraymh@nih.gov,Female,86.19.97.69
811,Lillian,Parker,lparkermi@de.vu,Female,254.195.165.56
812,Bruce,Powell,bpowellmj@blogs.com,Male,80.112.32.120
813,Anne,Stone,astonemk@blogspot.com,Female,63.11.106.53
814,Diane,Evans,devansml@psu.edu,Female,39.23.128.133
815,Evelyn,Carpenter,ecarpentermm@mapy.cz,Female,211.59.245.43
816,Harold,Martin,hmartinmn@yellowbook.com,Male,180.222.45.8
817,John,Lawson,jlawsonmo@1688.com,Male,170.67.84.170
818,Shawn,Payne,spaynemp@devhub.com,Male,90.139.232.211
819,Dennis,Williams,dwilliamsmq@reddit.com,Male,174.97.92.194
820,Terry,Allen,tallenmr@amazon.com,Male,121.2.247.245
821,Matthew,Howell,mhowellms@statcounter.com,Male,209.223.228.68
822,Michelle,Gilbert,mgilbertmt@go.com,Female,89.11.108.224
823,Fred,Nguyen,fnguyenmu@google.pl,Male,91.255.37.1
824,Jose,Murphy,jmurphymv@live.com,Male,82.22.189.119
825,Katherine,Ryan,kryanmw@ocn.ne.jp,Female,6.66.114.208
826,Anne,Reid,areidmx@tinyurl.com,Female,51.128.205.205
827,Christina,Mills,cmillsmy@nhs.uk,Female,123.45.212.207
828,Cheryl,Morrison,cmorrisonmz@intel.com,Female,198.22.169.145
829,Howard,Holmes,hholmesn0@alibaba.com,Male,163.21.102.53
830,Justin,Taylor,jtaylorn1@4shared.com,Male,37.15.25.236
831,Johnny,Watson,jwatsonn2@paginegialle.it,Male,16.170.242.112
832,Scott,Gordon,sgordonn3@thetimes.co.uk,Male,231.199.234.231
833,Angela,Hicks,ahicksn4@arizona.edu,Female,42.93.12.142
834,Thomas,Nichols,tnicholsn5@purevolume.com,Male,123.126.172.231
835,Catherine,Austin,caustinn6@ning.com,Female,72.58.176.150
836,Deborah,Grant,dgrantn7@scribd.com,Female,166.5.126.151
837,Adam,Stephens,astephensn8@wix.com,Male,132.63.42.104
838,Alice,Sims,asimsn9@illinois.edu,Female,173.220.136.171
839,Paul,Ray,prayna@uiuc.edu,Male,29.152.80.216
840,Donna,Reed,dreednb@theatlantic.com,Female,234.31.72.128
841,Joe,Wilson,jwilsonnc@jiathis.com,Male,247.237.25.32
842,Adam,Butler,abutlernd@nyu.edu,Male,32.216.105.17
843,Louis,Hunt,lhuntne@google.com.br,Male,166.139.153.114
844,Sara,Martin,smartinnf@xing.com,Female,60.116.210.139
845,Jonathan,Morgan,jmorganng@utexas.edu,Male,27.0.20.208
846,Keith,Pierce,kpiercenh@sohu.com,Male,192.108.216.146
847,Pamela,Owens,powensni@soundcloud.com,Female,18.12.20.98
848,Cheryl,Stanley,cstanleynj@time.com,Female,207.102.43.194
849,Gloria,Stevens,gstevensnk@cargocollective.com,Female,101.25.148.139
850,Denise,Wagner,dwagnernl@people.com.cn,Female,61.150.238.171
851,Martin,Torres,mtorresnm@goo.gl,Male,93.80.82.195
852,Frank,Matthews,fmatthewsnn@oakley.com,Male,131.92.40.212
853,Paul,Snyder,psnyderno@amazon.com,Male,182.0.38.149
854,Andrea,Sanders,asandersnp@hibu.com,Female,189.247.132.233
855,Charles,Hicks,chicksnq@netlog.com,Male,120.217.233.224
856,Shawn,Jones,sjonesnr@netlog.com,Male,236.19.198.99
857,Annie,Wheeler,awheelerns@sitemeter.com,Female,123.223.229.255
858,Angela,Medina,amedinant@statcounter.com,Female,169.132.79.96
859,Martin,Ellis,mellisnu@goodreads.com,Male,148.13.202.128
860,Mary,Gonzales,mgonzalesnv@yellowpages.com,Female,239.154.39.131
861,Wanda,Howard,whowardnw@1688.com,Female,55.203.228.240
862,Kelly,Henry,khenrynx@woothemes.com,Female,127.87.83.159
863,Elizabeth,Castillo,ecastillony@xrea.com,Female,64.83.138.73
864,Jeremy,Cook,jcooknz@upenn.edu,Male,2.52.41.113
865,Aaron,Day,adayo0@creativecommons.org,Male,6.114.178.176
866,Brenda,Williamson,bwilliamsono1@symantec.com,Female,232.72.145.175
867,John,Wood,jwoodo2@4shared.com,Male,253.222.94.157
868,Joshua,Perez,jperezo3@vimeo.com,Male,97.101.52.21
869,Mary,Mitchell,mmitchello4@weather.com,Female,108.158.123.232
870,Richard,Medina,rmedinao5@stumbleupon.com,Male,64.147.242.6
871,Robert,Armstrong,rarmstrongo6@salon.com,Male,89.90.156.207
872,Linda,Henderson,lhendersono7@nba.com,Female,246.118.99.0
873,Ryan,Henry,rhenryo8@auda.org.au,Male,82.75.188.13
874,Jason,Stevens,jstevenso9@opensource.org,Male,122.175.181.187
875,Lawrence,Flores,lfloresoa@webeden.co.uk,Male,233.2.232.211
876,Katherine,Snyder,ksnyderob@msu.edu,Female,154.75.85.108
877,Phillip,Thompson,pthompsonoc@ucoz.ru,Male,89.171.42.235
878,William,Nelson,wnelsonod@theglobeandmail.com,Male,25.32.103.96
879,Christina,Rogers,crogersoe@ask.com,Female,189.242.194.194
880,Janice,Reyes,jreyesof@loc.gov,Female,164.6.89.249
881,Helen,Bryant,hbryantog@cloudflare.com,Female,110.83.23.49
882,Ruby,Hunt,rhuntoh@usatoday.com,Female,252.46.213.85
883,Steven,Knight,sknightoi@alibaba.com,Male,120.120.144.231
884,Douglas,Knight,dknightoj@constantcontact.com,Male,25.151.101.83
885,Clarence,Gibson,cgibsonok@weibo.com,Male,192.0.35.153
886,Edward,Mason,emasonol@t-online.de,Male,182.216.106.207
887,Marie,Webb,mwebbom@jalbum.net,Female,158.78.233.71
888,Jacqueline,Martin,jmartinon@japanpost.jp,Female,164.63.148.14
889,Susan,Fernandez,sfernandezoo@sourceforge.net,Female,176.177.117.159
890,Rachel,Ellis,rellisop@virginia.edu,Female,100.68.163.251
891,Eric,Flores,efloresoq@cargocollective.com,Male,30.121.231.245
892,Cynthia,Webb,cwebbor@geocities.com,Female,125.85.182.123
893,Mary,Morales,mmoralesos@booking.com,Female,91.201.237.203
894,Theresa,James,tjamesot@wikimedia.org,Female,245.5.227.115
895,Ernest,Bailey,ebaileyou@theguardian.com,Male,157.240.23.77
896,Johnny,Woods,jwoodsov@merriam-webster.com,Male,37.68.97.160
897,Diana,Hall,dhallow@mail.ru,Female,88.205.127.150
898,Catherine,Castillo,ccastilloox@nifty.com,Female,113.58.199.38
899,Gloria,Shaw,gshawoy@ustream.tv,Female,155.163.202.117
900,Alan,Ford,afordoz@drupal.org,Male,156.47.117.121
901,Mildred,Ramos,mramosp0@prlog.org,Female,170.218.189.179
902,Jose,Walker,jwalkerp1@engadget.com,Male,255.130.9.93
903,Janice,Ray,jrayp2@shop-pro.jp,Female,229.31.170.190
904,Wanda,Garcia,wgarciap3@msu.edu,Female,201.185.166.18
905,Tina,Scott,tscottp4@eepurl.com,Female,2.91.112.130
906,Bruce,Henry,bhenryp5@tinyurl.com,Male,181.198.155.144
907,Kimberly,Wheeler,kwheelerp6@army.mil,Female,251.218.58.221
908,Dennis,Fuller,dfullerp7@virginia.edu,Male,209.22.94.211
909,Bruce,Fernandez,bfernandezp8@epa.gov,Male,28.153.59.204
910,Teresa,Gray,tgrayp9@globo.com,Female,116.58.47.214
911,Donna,Burton,dburtonpa@cnn.com,Female,141.128.116.92
912,Ann,Boyd,aboydpb@ezinearticles.com,Female,4.171.22.146
913,Ruth,Wells,rwellspc@shutterfly.com,Female,71.20.144.214
914,Christine,Kim,ckimpd@facebook.com,Female,199.96.204.27
915,Bonnie,Ramos,bramospe@hhs.gov,Female,185.123.228.122
916,Diane,Simpson,dsimpsonpf@si.edu,Female,102.26.24.215
917,Julie,Anderson,jandersonpg@taobao.com,Female,29.239.237.218
918,Ruby,Moreno,rmorenoph@nifty.com,Female,66.172.111.53
919,Teresa,Gonzalez,tgonzalezpi@t-online.de,Female,104.150.74.108
920,Anthony,Wallace,awallacepj@cmu.edu,Male,103.201.208.102
921,Andrew,Rose,arosepk@taobao.com,Male,112.25.50.183
922,Lillian,Austin,laustinpl@kickstarter.com,Female,230.76.147.197
923,Steve,Rose,srosepm@umn.edu,Male,156.244.206.198
924,Joe,Bennett,jbennettpn@meetup.com,Male,55.171.228.174
925,Ernest,Johnston,ejohnstonpo@wikia.com,Male,177.27.158.162
926,Scott,Perez,sperezpp@gizmodo.com,Male,102.4.226.141
927,Willie,Jenkins,wjenkinspq@geocities.jp,Male,220.47.25.122
928,Lillian,Allen,lallenpr@scientificamerican.com,Female,41.177.179.213
929,Norma,Fowler,nfowlerps@nih.gov,Female,113.180.99.25
930,Donna,Parker,dparkerpt@army.mil,Female,28.232.31.149
931,Julie,Bowman,jbowmanpu@shareasale.com,Female,153.79.116.105
932,Joe,Lewis,jlewispv@psu.edu,Male,117.15.5.25
933,Sean,Lynch,slynchpw@techcrunch.com,Male,15.4.115.252
934,Michelle,Kennedy,mkennedypx@wikispaces.com,Female,231.45.100.86
935,Frank,Olson,folsonpy@elegantthemes.com,Male,200.135.176.165
936,Charles,Ward,cwardpz@netscape.com,Male,129.64.199.156
937,Carlos,Lewis,clewisq0@google.com.au,Male,55.57.178.17
938,Theresa,Hawkins,thawkinsq1@answers.com,Female,7.160.194.11
939,Chris,Rivera,criveraq2@github.io,Male,157.134.26.142
940,Cheryl,Little,clittleq3@discuz.net,Female,36.96.44.104
941,Edward,Allen,eallenq4@weibo.com,Male,51.173.93.153
942,Lawrence,Burton,lburtonq5@bluehost.com,Male,118.199.182.27
943,Mary,Olson,molsonq6@microsoft.com,Female,32.149.160.245
944,Samuel,Coleman,scolemanq7@e-recht24.de,Male,138.250.175.99
945,Julie,Hawkins,jhawkinsq8@reddit.com,Female,68.55.95.85
946,Lois,Banks,lbanksq9@jalbum.net,Female,87.174.63.168
947,Michelle,Martinez,mmartinezqa@ow.ly,Female,125.121.235.166
948,Victor,Brooks,vbrooksqb@t-online.de,Male,69.47.139.216
949,Chris,Rodriguez,crodriguezqc@yahoo.com,Male,126.123.16.244
950,Eric,Snyder,esnyderqd@squidoo.com,Male,194.206.63.238
951,Larry,Wheeler,lwheelerqe@harvard.edu,Male,160.204.35.66
952,Roy,Gray,rgrayqf@vkontakte.ru,Male,184.238.93.210
953,Lois,Jenkins,ljenkinsqg@sitemeter.com,Female,65.179.246.99
954,Daniel,Price,dpriceqh@discovery.com,Male,237.24.184.207
955,Russell,Long,rlongqi@indiegogo.com,Male,124.118.97.63
956,George,Lawrence,glawrenceqj@cornell.edu,Male,80.10.129.141
957,Albert,Hayes,ahayesqk@ameblo.jp,Male,169.81.172.76
958,David,Clark,dclarkql@google.com.au,Male,233.52.211.91
959,Melissa,Reed,mreedqm@squarespace.com,Female,231.31.107.114
960,Jeremy,Campbell,jcampbellqn@amazonaws.com,Male,225.202.139.128
961,Samuel,Mendoza,smendozaqo@moonfruit.com,Male,249.234.120.197
962,Nicholas,Jacobs,njacobsqp@alexa.com,Male,188.116.161.86
963,Carl,Henderson,chendersonqq@hao123.com,Male,174.69.239.13
964,Debra,Smith,dsmithqr@mlb.com,Female,79.61.73.122
965,Lisa,Long,llongqs@ovh.net,Female,108.98.229.81
966,Martha,Martinez,mmartinezqt@rambler.ru,Female,51.12.46.99
967,Billy,Andrews,bandrewsqu@smugmug.com,Male,113.18.30.34
968,Robin,Webb,rwebbqv@harvard.edu,Female,107.66.44.208
969,Jesse,Green,jgreenqw@ca.gov,Male,95.165.195.27
970,Barbara,Cole,bcoleqx@jugem.jp,Female,98.179.214.99
971,Lawrence,Moore,lmooreqy@jiathis.com,Male,184.30.242.155
972,Marie,Hayes,mhayesqz@shutterfly.com,Female,204.131.40.87
973,Todd,Rose,troser0@oaic.gov.au,Male,45.22.155.201
974,Anne,Myers,amyersr1@loc.gov,Female,216.41.218.105
975,Samuel,Chapman,schapmanr2@newyorker.com,Male,235.53.174.191
976,Kimberly,Rivera,kriverar3@si.edu,Female,238.86.228.133
977,Jeremy,Richards,jrichardsr4@altervista.org,Male,35.181.198.151
978,Katherine,Dean,kdeanr5@si.edu,Female,124.2.174.103
979,Joshua,Moreno,jmorenor6@jimdo.com,Male,145.56.236.1
980,Frank,Dean,fdeanr7@who.int,Male,82.54.221.94
981,Linda,Riley,lrileyr8@tmall.com,Female,254.21.42.231
982,Lori,Ramirez,lramirezr9@jiathis.com,Female,78.5.82.172
983,Ruth,Wells,rwellsra@geocities.jp,Female,167.104.213.203
984,Heather,Sims,hsimsrb@usda.gov,Female,31.148.120.41
985,Mark,Wright,mwrightrc@yahoo.com,Male,67.107.64.6
986,Kelly,Wilson,kwilsonrd@gnu.org,Female,144.168.119.248
987,Ann,Lawrence,alawrencere@sciencedirect.com,Female,209.142.176.222
988,John,Dean,jdeanrf@nba.com,Male,38.231.176.61
989,Frank,Peters,fpetersrg@msn.com,Male,105.1.131.27
990,Marie,Johnson,mjohnsonrh@apple.com,Female,57.73.180.167
991,Philip,Fernandez,pfernandezri@independent.co.uk,Male,8.191.35.231
992,Beverly,Daniels,bdanielsrj@webmd.com,Female,91.100.156.226
993,Henry,Fields,hfieldsrk@cnet.com,Male,205.224.148.171
994,Walter,Arnold,warnoldrl@lycos.com,Male,8.4.36.235
995,Albert,Carter,acarterrm@blogger.com,Male,165.194.43.189
996,Craig,Williams,cwilliamsrn@wisc.edu,Male,62.97.8.27
997,Christina,Owens,cowensro@mayoclinic.com,Female,40.68.22.237
998,Nicholas,Rice,nricerp@illinois.edu,Male,131.24.122.141
999,Lois,Gray,lgrayrq@berkeley.edu,Female,18.19.243.102
1000,Phyllis,Ross,prossrr@omniture.com,Female,136.135.188.81
